uid,companyId,agent,validBet,score,add_time,gameName,gameId,roundId,ip,currency_rate
4073715,40056,2797610,20.0,-20.0,2024-08-27 19:45:13,虎虎生财,901,gfg_901101_1724759113402_202869,24.90.59.20,10.000000000000
4073715,40056,2797610,20.0,-20.0,2024-08-27 19:45:15,虎虎生财,901,gfg_901101_1724759115320_202869,24.90.59.20,10.000000000000
4073715,40056,2797610,20.0,380.0,2024-08-27 19:45:16,虎虎生财,901,gfg_901101_1724759117006_202869,24.90.59.20,10.000000000000
4073715,40056,2797610,20.0,-20.0,2024-08-27 19:45:29,虎虎生财,901,gfg_901101_1724759129229_202869,24.90.59.20,10.000000000000
4073715,40056,2797610,20.0,380.0,2024-08-27 19:45:32,虎虎生财,901,gfg_901101_1724759132547_202869,24.90.59.20,10.000000000000
4073715,40056,2797610,20.0,-20.0,2024-08-27 19:45:45,虎虎生财,901,gfg_901101_1724759146171_202869,24.90.59.20,10.000000000000
4073715,40056,2797610,20.0,20.0,2024-08-27 19:45:47,虎虎生财,901,gfg_901101_1724759147807_202869,24.90.59.20,10.000000000000
4073715,40056,2797610,20.0,-20.0,2024-08-27 19:45:52,虎虎生财,901,gfg_901101_1724759153150_202869,24.90.59.20,10.000000000000
4073715,40056,2797610,20.0,-20.0,2024-08-27 19:46:03,虎虎生财,901,gfg_901101_1724759163477_202869,24.90.59.20,10.000000000000
4073715,40056,2797610,20.0,-8.0,2024-08-27 19:46:23,虎虎生财,901,gfg_901101_1724759183576_202869,24.90.59.20,10.000000000000
4073715,40056,2797610,20.0,-20.0,2024-08-27 19:47:21,虎虎生财,901,gfg_901101_1724759241249_202869,24.90.59.20,10.000000000000
4073715,40056,2797610,20.0,-20.0,2024-08-27 19:47:27,虎虎生财,901,gfg_901101_1724759247731_202869,24.90.59.20,10.000000000000
4073715,40056,2797610,30.0,-30.0,2024-08-27 19:47:51,虎虎生财,901,gfg_901101_1724759271080_202869,24.90.59.20,10.000000000000
4073715,40056,2797610,30.0,-30.0,2024-08-27 19:47:54,虎虎生财,901,gfg_901101_1724759274116_202869,24.90.59.20,10.000000000000
4073715,40056,2797610,30.0,-30.0,2024-08-27 19:47:55,虎虎生财,901,gfg_901101_1724759275689_202869,24.90.59.20,10.000000000000
4073715,40056,2797610,30.0,-30.0,2024-08-27 19:48:11,虎虎生财,901,gfg_901101_1724759290905_202869,24.90.59.20,10.000000000000
4073715,40056,2797610,30.0,-30.0,2024-08-27 19:48:26,虎虎生财,901,gfg_901101_1724759305985_202869,24.90.59.20,10.000000000000
4073715,40056,2797610,30.0,-30.0,2024-08-27 19:48:38,虎虎生财,901,gfg_901101_1724759318295_202869,24.90.59.20,10.000000000000
4073715,40056,2797610,30.0,-30.0,2024-08-27 19:48:50,虎虎生财,901,gfg_901101_1724759330641_202869,24.90.59.20,10.000000000000
4073715,40056,2797610,30.0,-30.0,2024-08-27 19:49:10,虎虎生财,901,gfg_901101_1724759350529_202869,24.90.59.20,10.000000000000
4073715,40056,2797610,30.0,-30.0,2024-08-27 19:49:26,虎虎生财,901,gfg_901101_1724759366021_202869,24.90.59.20,10.000000000000
4073715,40056,2797610,30.0,-30.0,2024-08-27 19:49:29,虎虎生财,901,gfg_901101_1724759369027_202869,24.90.59.20,10.000000000000
4073715,40056,2797610,30.0,120.0,2024-08-27 19:49:32,虎虎生财,901,gfg_901101_1724759372463_202869,24.90.59.20,10.000000000000
4073715,40056,2797610,30.0,-12.0,2024-08-27 19:50:05,虎虎生财,901,gfg_901101_1724759405595_202869,24.90.59.20,10.000000000000
4073715,40056,2797610,30.0,-30.0,2024-08-27 19:50:43,虎虎生财,901,gfg_901101_1724759443006_202869,24.90.59.20,10.000000000000
4073715,40056,2797610,30.0,-30.0,2024-08-27 19:51:20,虎虎生财,901,gfg_901101_1724759480297_202869,24.90.59.20,10.000000000000
4073715,40056,2797610,30.0,120.0,2024-08-27 19:52:07,虎虎生财,901,gfg_901101_1724759527268_202869,24.90.59.20,10.000000000000
4073715,40056,2797610,30.0,-30.0,2024-08-27 19:52:40,虎虎生财,901,gfg_901101_1724759560700_202869,24.90.59.20,10.000000000000
4073715,40056,2797610,30.0,-30.0,2024-08-27 19:53:23,虎虎生财,901,gfg_901101_1724759602820_202869,24.90.59.20,10.000000000000
4073715,40056,2797610,30.0,-30.0,2024-08-27 19:53:27,虎虎生财,901,gfg_901101_1724759607337_202869,24.90.59.20,10.000000000000
4073715,40056,2797610,30.0,-30.0,2024-08-27 19:53:35,虎虎生财,901,gfg_901101_1724759614779_202869,24.90.59.20,10.000000000000
4073715,40056,2797610,30.0,-30.0,2024-08-27 19:53:41,虎虎生财,901,gfg_901101_1724759621027_202869,24.90.59.20,10.000000000000
4073715,40056,2797610,30.0,-30.0,2024-08-27 19:53:54,虎虎生财,901,gfg_901101_1724759634410_202869,24.90.59.20,10.000000000000
4073715,40056,2797610,30.0,-30.0,2024-08-27 19:54:20,虎虎生财,901,gfg_901101_1724759659796_202869,24.90.59.20,10.000000000000
4073715,40056,2797610,30.0,-30.0,2024-08-27 19:54:28,虎虎生财,901,gfg_901101_1724759668054_202869,24.90.59.20,10.000000000000
4073715,40056,2797610,30.0,-30.0,2024-08-27 19:54:33,虎虎生财,901,gfg_901101_1724759672495_202869,24.90.59.20,10.000000000000
4073715,40056,2797610,30.0,-30.0,2024-08-27 19:54:36,虎虎生财,901,gfg_901101_1724759675887_202869,24.90.59.20,10.000000000000
4073715,40056,2797610,50.0,-50.0,2024-08-27 19:55:07,虎虎生财,901,gfg_901101_1724759706547_202869,24.90.59.20,10.000000000000
4073715,40056,2797610,50.0,-20.0,2024-08-27 19:55:21,虎虎生财,901,gfg_901101_1724759720798_202869,24.90.59.20,10.000000000000
4073715,40056,2797610,50.0,-50.0,2024-08-27 19:55:53,虎虎生财,901,gfg_901101_1724759752478_202869,24.90.59.20,10.000000000000
4073715,40056,2797610,50.0,-50.0,2024-08-27 19:56:12,虎虎生财,901,gfg_901101_1724759772232_202869,24.90.59.20,10.000000000000
4073715,40056,2797610,50.0,-20.0,2024-08-27 19:56:19,虎虎生财,901,gfg_901101_1724759778426_202869,24.90.59.20,10.000000000000
4073715,40056,2797610,50.0,-50.0,2024-08-27 19:56:40,虎虎生财,901,gfg_901101_1724759800321_202869,24.90.59.20,10.000000000000
4073715,40056,2797610,50.0,-50.0,2024-08-27 19:56:44,虎虎生财,901,gfg_901101_1724759803896_202869,24.90.59.20,10.000000000000
4073715,40056,2797610,50.0,-50.0,2024-08-27 19:56:52,虎虎生财,901,gfg_901101_1724759811496_202869,24.90.59.20,10.000000000000
4073715,40056,2797610,50.0,-50.0,2024-08-27 19:56:58,虎虎生财,901,gfg_901101_1724759817902_202869,24.90.59.20,10.000000000000
4073715,40056,2797610,50.0,-50.0,2024-08-27 19:57:10,虎虎生财,901,gfg_901101_1724759829912_202869,24.90.59.20,10.000000000000
4073715,40056,2797610,50.0,0.0,2024-08-27 19:57:20,虎虎生财,901,gfg_901101_1724759839790_202869,24.90.59.20,10.000000000000
4073715,40056,2797610,50.0,-50.0,2024-08-27 19:57:26,虎虎生财,901,gfg_901101_1724759845370_202869,24.90.59.20,10.000000000000
4073715,40056,2797610,50.0,950.0,2024-08-27 19:57:29,虎虎生财,901,gfg_901101_1724759848480_202869,24.90.59.20,10.000000000000
4073715,40056,2797610,50.0,-50.0,2024-08-27 19:57:40,虎虎生财,901,gfg_901101_1724759860092_202869,24.90.59.20,10.000000000000
4073715,40056,2797610,50.0,-50.0,2024-08-27 19:58:04,虎虎生财,901,gfg_901101_1724759884013_202869,24.90.59.20,10.000000000000
4073715,40056,2797610,50.0,-50.0,2024-08-27 19:58:46,虎虎生财,901,gfg_901101_1724759925999_202869,24.90.59.20,10.000000000000
4073715,40056,2797610,60.0,-60.0,2024-08-27 19:59:08,虎虎生财,901,gfg_901101_1724759947892_202869,24.90.59.20,10.000000000000
4073715,40056,2797610,60.0,-60.0,2024-08-27 19:59:17,虎虎生财,901,gfg_901101_1724759957149_202869,24.90.59.20,10.000000000000
4073715,40056,2797610,60.0,-60.0,2024-08-27 19:59:26,虎虎生财,901,gfg_901101_1724759965527_202869,24.90.59.20,10.000000000000
4073715,40056,2797610,60.0,-60.0,2024-08-27 19:59:32,虎虎生财,901,gfg_901101_1724759971517_202869,24.90.59.20,10.000000000000
4073715,40056,2797610,60.0,-24.0,2024-08-27 19:59:35,虎虎生财,901,gfg_901101_1724759974523_202869,24.90.59.20,10.000000000000
4073715,40056,2797610,60.0,0.0,2024-08-27 19:59:38,虎虎生财,901,gfg_901101_1724759977640_202869,24.90.59.20,10.000000000000
4073715,40056,2797610,60.0,240.0,2024-08-27 20:00:39,虎虎生财,901,gfg_901101_1724760039186_202869,24.90.59.20,10.000000000000
4073715,40056,2797610,60.0,-60.0,2024-08-27 20:00:59,虎虎生财,901,gfg_901101_1724760059180_202869,24.90.59.20,10.000000000000
4073715,40056,2797610,60.0,-60.0,2024-08-27 20:01:18,虎虎生财,901,gfg_901101_1724760077502_202869,24.90.59.20,10.000000000000
4073715,40056,2797610,60.0,1200.0,2024-08-27 20:01:27,虎虎生财,901,gfg_901101_1724760086750_202869,24.90.59.20,10.000000000000
4073715,40056,2797610,60.0,-60.0,2024-08-27 20:02:05,虎虎生财,901,gfg_901101_1724760125564_202869,24.90.59.20,10.000000000000
4073715,40056,2797610,60.0,0.0,2024-08-27 20:02:20,虎虎生财,901,gfg_901101_1724760140458_202869,24.90.59.20,10.000000000000
4073715,40056,2797610,60.0,-60.0,2024-08-27 20:02:37,虎虎生财,901,gfg_901101_1724760156750_202869,24.90.59.20,10.000000000000
4073715,40056,2797610,60.0,-60.0,2024-08-27 20:02:51,虎虎生财,901,gfg_901101_1724760170607_202869,24.90.59.20,10.000000000000
4073715,40056,2797610,60.0,-24.0,2024-08-27 20:02:52,虎虎生财,901,gfg_901101_1724760172504_202869,24.90.59.20,10.000000000000
4073715,40056,2797610,60.0,-60.0,2024-08-27 20:03:08,虎虎生财,901,gfg_901101_1724760187784_202869,24.90.59.20,10.000000000000
4073715,40056,2797610,60.0,36.0,2024-08-27 20:03:13,虎虎生财,901,gfg_901101_1724760192731_202869,24.90.59.20,10.000000000000
4073715,40056,2797610,60.0,-60.0,2024-08-27 20:03:22,虎虎生财,901,gfg_901101_1724760202289_202869,24.90.59.20,10.000000000000
4073715,40056,2797610,60.0,-60.0,2024-08-27 20:03:53,虎虎生财,901,gfg_901101_1724760233390_202869,24.90.59.20,10.000000000000
4073715,40056,2797610,60.0,240.0,2024-08-27 20:04:10,虎虎生财,901,gfg_901101_1724760249059_202869,24.90.59.20,10.000000000000
4073715,40056,2797610,100.0,-100.0,2024-08-27 20:04:35,虎虎生财,901,gfg_901101_1724760274061_202869,24.90.59.20,10.000000000000
4073715,40056,2797610,100.0,-100.0,2024-08-27 20:04:45,虎虎生财,901,gfg_901101_1724760284940_202869,24.90.59.20,10.000000000000
4073715,40056,2797610,100.0,-100.0,2024-08-27 20:04:49,虎虎生财,901,gfg_901101_1724760288044_202869,24.90.59.20,10.000000000000
4073715,40056,2797610,100.0,-100.0,2024-08-27 20:05:20,虎虎生财,901,gfg_901101_1724760319413_202869,24.90.59.20,10.000000000000
4073715,40056,2797610,100.0,-100.0,2024-08-27 20:05:23,虎虎生财,901,gfg_901101_1724760322472_202869,24.90.59.20,10.000000000000
4073715,40056,2797610,100.0,-100.0,2024-08-27 20:05:26,虎虎生财,901,gfg_901101_1724760325271_202869,24.90.59.20,10.000000000000
4073715,40056,2797610,100.0,-100.0,2024-08-27 20:05:57,虎虎生财,901,gfg_901101_1724760356841_202869,24.90.59.20,10.000000000000
4073715,40056,2797610,100.0,-100.0,2024-08-27 20:06:24,虎虎生财,901,gfg_901101_1724760383977_202869,24.90.59.20,10.000000000000
4073715,40056,2797610,100.0,160.0,2024-08-27 20:07:51,虎虎生财,901,gfg_901101_1724760470524_202869,24.90.59.20,10.000000000000
4073715,40056,2797610,100.0,-100.0,2024-08-27 20:08:22,虎虎生财,901,gfg_901101_1724760502666_202869,24.90.59.20,10.000000000000
4073715,40056,2797610,100.0,-100.0,2024-08-27 20:08:25,虎虎生财,901,gfg_901101_1724760505976_202869,24.90.59.20,10.000000000000
4073715,40056,2797610,100.0,-100.0,2024-08-27 20:08:36,虎虎生财,901,gfg_901101_1724760516156_202869,24.90.59.20,10.000000000000
4073715,40056,2797610,100.0,140.0,2024-08-27 20:08:46,虎虎生财,901,gfg_901101_1724760526197_202869,24.90.59.20,10.000000000000
4073715,40056,2797610,100.0,-100.0,2024-08-27 20:08:52,虎虎生财,901,gfg_901101_1724760532839_202869,24.90.59.20,10.000000000000
4073715,40056,2797610,100.0,1900.0,2024-08-27 20:09:00,虎虎生财,901,gfg_901101_1724760540262_202869,24.90.59.20,10.000000000000
4073715,40056,2797610,100.0,-100.0,2024-08-27 20:09:14,虎虎生财,901,gfg_901101_1724760554591_202869,24.90.59.20,10.000000000000
4073715,40056,2797610,100.0,-100.0,2024-08-27 20:09:52,虎虎生财,901,gfg_901101_1724760592052_202869,24.90.59.20,10.000000000000
4073715,40056,2797610,100.0,-100.0,2024-08-27 20:10:05,虎虎生财,901,gfg_901101_1724760605902_202869,24.90.59.20,10.000000000000
4073715,40056,2797610,100.0,-100.0,2024-08-27 20:10:15,虎虎生财,901,gfg_901101_1724760616076_202869,24.90.59.20,10.000000000000
4073715,40056,2797610,100.0,-100.0,2024-08-27 20:11:11,虎虎生财,901,gfg_901101_1724760671637_202869,24.90.59.20,10.000000000000
4073715,40056,2797610,100.0,-100.0,2024-08-27 20:11:20,虎虎生财,901,gfg_901101_1724760680978_202869,24.90.59.20,10.000000000000
4073715,40056,2797610,100.0,-100.0,2024-08-27 20:11:38,虎虎生财,901,gfg_901101_1724760698734_202869,24.90.59.20,10.000000000000
4073715,40056,2797610,100.0,-100.0,2024-08-27 20:11:42,虎虎生财,901,gfg_901101_1724760702835_202869,24.90.59.20,10.000000000000
4073715,40056,2797610,100.0,-100.0,2024-08-27 20:12:27,虎虎生财,901,gfg_901101_1724760747382_202869,24.90.59.20,10.000000000000
4073715,40056,2797610,100.0,-100.0,2024-08-27 20:12:56,虎虎生财,901,gfg_901101_1724760776872_202869,24.90.59.20,10.000000000000
4073715,40056,2797610,100.0,-100.0,2024-08-27 20:13:00,虎虎生财,901,gfg_901101_1724760780477_202869,24.90.59.20,10.000000000000
4073715,40056,2797610,100.0,-100.0,2024-08-27 20:13:14,虎虎生财,901,gfg_901101_1724760794937_202869,24.90.59.20,10.000000000000
4073715,40056,2797610,100.0,-100.0,2024-08-27 20:13:51,虎虎生财,901,gfg_901101_1724760832024_202869,24.90.59.20,10.000000000000
4073715,40056,2797610,100.0,-100.0,2024-08-27 20:14:08,虎虎生财,901,gfg_901101_1724760847761_202869,24.90.59.20,10.000000000000
4073715,40056,2797610,20.0,-20.0,2024-08-27 19:45:27,虎虎生财,901,gfg_901101_1724759127551_202869,24.90.59.20,10.000000000000
4073715,40056,2797610,20.0,-20.0,2024-08-27 19:45:51,虎虎生财,901,gfg_901101_1724759151661_202869,24.90.59.20,10.000000000000
4073715,40056,2797610,20.0,-20.0,2024-08-27 19:45:54,虎虎生财,901,gfg_901101_1724759154706_202869,24.90.59.20,10.000000000000
4073715,40056,2797610,20.0,-20.0,2024-08-27 19:45:56,虎虎生财,901,gfg_901101_1724759156665_202869,24.90.59.20,10.000000000000
4073715,40056,2797610,20.0,-20.0,2024-08-27 19:45:57,虎虎生财,901,gfg_901101_1724759158169_202869,24.90.59.20,10.000000000000
4073715,40056,2797610,20.0,-20.0,2024-08-27 19:46:04,虎虎生财,901,gfg_901101_1724759165158_202869,24.90.59.20,10.000000000000
4073715,40056,2797610,20.0,-20.0,2024-08-27 19:46:11,虎虎生财,901,gfg_901101_1724759171040_202869,24.90.59.20,10.000000000000
4073715,40056,2797610,20.0,-20.0,2024-08-27 19:46:14,虎虎生财,901,gfg_901101_1724759174207_202869,24.90.59.20,10.000000000000
4073715,40056,2797610,20.0,-20.0,2024-08-27 19:46:17,虎虎生财,901,gfg_901101_1724759177345_202869,24.90.59.20,10.000000000000
4073715,40056,2797610,20.0,-20.0,2024-08-27 19:46:20,虎虎生财,901,gfg_901101_1724759180364_202869,24.90.59.20,10.000000000000
4073715,40056,2797610,20.0,-20.0,2024-08-27 19:46:46,虎虎生财,901,gfg_901101_1724759206299_202869,24.90.59.20,10.000000000000
4073715,40056,2797610,20.0,-8.0,2024-08-27 19:46:52,虎虎生财,901,gfg_901101_1724759212542_202869,24.90.59.20,10.000000000000
4073715,40056,2797610,20.0,-20.0,2024-08-27 19:47:34,虎虎生财,901,gfg_901101_1724759253818_202869,24.90.59.20,10.000000000000
4073715,40056,2797610,20.0,-20.0,2024-08-27 19:47:43,虎虎生财,901,gfg_901101_1724759263014_202869,24.90.59.20,10.000000000000
4073715,40056,2797610,30.0,-30.0,2024-08-27 19:47:47,虎虎生财,901,gfg_901101_1724759266929_202869,24.90.59.20,10.000000000000
4073715,40056,2797610,30.0,-30.0,2024-08-27 19:48:05,虎虎生财,901,gfg_901101_1724759285812_202869,24.90.59.20,10.000000000000
4073715,40056,2797610,30.0,-30.0,2024-08-27 19:48:08,虎虎生财,901,gfg_901101_1724759287876_202869,24.90.59.20,10.000000000000
4073715,40056,2797610,30.0,-30.0,2024-08-27 19:48:14,虎虎生财,901,gfg_901101_1724759293778_202869,24.90.59.20,10.000000000000
4073715,40056,2797610,30.0,-30.0,2024-08-27 19:48:17,虎虎生财,901,gfg_901101_1724759297048_202869,24.90.59.20,10.000000000000
4073715,40056,2797610,30.0,-30.0,2024-08-27 19:48:24,虎虎生财,901,gfg_901101_1724759304477_202869,24.90.59.20,10.000000000000
4073715,40056,2797610,30.0,-30.0,2024-08-27 19:48:32,虎虎生财,901,gfg_901101_1724759311914_202869,24.90.59.20,10.000000000000
4073715,40056,2797610,30.0,-30.0,2024-08-27 19:49:23,虎虎生财,901,gfg_901101_1724759363025_202869,24.90.59.20,10.000000000000
4073715,40056,2797610,30.0,42.0,2024-08-27 19:49:41,虎虎生财,901,gfg_901101_1724759380810_202869,24.90.59.20,10.000000000000
4073715,40056,2797610,30.0,-30.0,2024-08-27 19:49:49,虎虎生财,901,gfg_901101_1724759389765_202869,24.90.59.20,10.000000000000
4073715,40056,2797610,30.0,-30.0,2024-08-27 19:50:04,虎虎生财,901,gfg_901101_1724759403771_202869,24.90.59.20,10.000000000000
4073715,40056,2797610,30.0,-12.0,2024-08-27 19:50:54,虎虎生财,901,gfg_901101_1724759454146_202869,24.90.59.20,10.000000000000
4073715,40056,2797610,30.0,-30.0,2024-08-27 19:51:31,虎虎生财,901,gfg_901101_1724759490818_202869,24.90.59.20,10.000000000000
4073715,40056,2797610,30.0,-30.0,2024-08-27 19:51:34,虎虎生财,901,gfg_901101_1724759494186_202869,24.90.59.20,10.000000000000
4073715,40056,2797610,30.0,-12.0,2024-08-27 19:51:37,虎虎生财,901,gfg_901101_1724759497207_202869,24.90.59.20,10.000000000000
4073715,40056,2797610,30.0,-30.0,2024-08-27 19:51:49,虎虎生财,901,gfg_901101_1724759509549_202869,24.90.59.20,10.000000000000
4073715,40056,2797610,30.0,-12.0,2024-08-27 19:51:53,虎虎生财,901,gfg_901101_1724759512864_202869,24.90.59.20,10.000000000000
4073715,40056,2797610,30.0,-30.0,2024-08-27 19:52:24,虎虎生财,901,gfg_901101_1724759544472_202869,24.90.59.20,10.000000000000
4073715,40056,2797610,30.0,-30.0,2024-08-27 19:52:33,虎虎生财,901,gfg_901101_1724759553711_202869,24.90.59.20,10.000000000000
4073715,40056,2797610,30.0,-30.0,2024-08-27 19:52:50,虎虎生财,901,gfg_901101_1724759569788_202869,24.90.59.20,10.000000000000
4073715,40056,2797610,30.0,-30.0,2024-08-27 19:53:08,虎虎生财,901,gfg_901101_1724759588207_202869,24.90.59.20,10.000000000000
4073715,40056,2797610,30.0,-30.0,2024-08-27 19:53:24,虎虎生财,901,gfg_901101_1724759604403_202869,24.90.59.20,10.000000000000
4073715,40056,2797610,30.0,18.0,2024-08-27 19:53:31,虎虎生财,901,gfg_901101_1724759611281_202869,24.90.59.20,10.000000000000
4073715,40056,2797610,30.0,-30.0,2024-08-27 19:54:00,虎虎生财,901,gfg_901101_1724759640317_202869,24.90.59.20,10.000000000000
4073715,40056,2797610,30.0,-30.0,2024-08-27 19:54:13,虎虎生财,901,gfg_901101_1724759653248_202869,24.90.59.20,10.000000000000
4073715,40056,2797610,30.0,18.0,2024-08-27 19:54:49,虎虎生财,901,gfg_901101_1724759688385_202869,24.90.59.20,10.000000000000
4073715,40056,2797610,30.0,570.0,2024-08-27 19:54:55,虎虎生财,901,gfg_901101_1724759694465_202869,24.90.59.20,10.000000000000
4073715,40056,2797610,50.0,-50.0,2024-08-27 19:56:09,虎虎生财,901,gfg_901101_1724759769017_202869,24.90.59.20,10.000000000000
4073715,40056,2797610,50.0,-50.0,2024-08-27 19:56:28,虎虎生财,901,gfg_901101_1724759787528_202869,24.90.59.20,10.000000000000
4073715,40056,2797610,50.0,-50.0,2024-08-27 19:56:34,虎虎生财,901,gfg_901101_1724759794117_202869,24.90.59.20,10.000000000000
4073715,40056,2797610,50.0,0.0,2024-08-27 19:57:01,虎虎生财,901,gfg_901101_1724759820844_202869,24.90.59.20,10.000000000000
4073715,40056,2797610,50.0,-50.0,2024-08-27 19:57:37,虎虎生财,901,gfg_901101_1724759857026_202869,24.90.59.20,10.000000000000
4073715,40056,2797610,50.0,-50.0,2024-08-27 19:57:43,虎虎生财,901,gfg_901101_1724759863184_202869,24.90.59.20,10.000000000000
4073715,40056,2797610,50.0,0.0,2024-08-27 19:57:46,虎虎生财,901,gfg_901101_1724759866140_202869,24.90.59.20,10.000000000000
4073715,40056,2797610,50.0,-50.0,2024-08-27 19:57:51,虎虎生财,901,gfg_901101_1724759871055_202869,24.90.59.20,10.000000000000
4073715,40056,2797610,50.0,-50.0,2024-08-27 19:58:17,虎虎生财,901,gfg_901101_1724759896915_202869,24.90.59.20,10.000000000000
4073715,40056,2797610,50.0,-50.0,2024-08-27 19:58:20,虎虎生财,901,gfg_901101_1724759899322_202869,24.90.59.20,10.000000000000
4073715,40056,2797610,50.0,1450.0,2024-08-27 19:58:29,虎虎生财,901,gfg_901101_1724759908545_202869,24.90.59.20,10.000000000000
4073715,40056,2797610,60.0,-60.0,2024-08-27 19:59:20,虎虎生财,901,gfg_901101_1724759960266_202869,24.90.59.20,10.000000000000
4073715,40056,2797610,60.0,-60.0,2024-08-27 19:59:51,虎虎生财,901,gfg_901101_1724759991192_202869,24.90.59.20,10.000000000000
4073715,40056,2797610,60.0,-60.0,2024-08-27 19:59:55,虎虎生财,901,gfg_901101_1724759994942_202869,24.90.59.20,10.000000000000
4073715,40056,2797610,60.0,-60.0,2024-08-27 19:59:58,虎虎生财,901,gfg_901101_1724759998171_202869,24.90.59.20,10.000000000000
4073715,40056,2797610,60.0,36.0,2024-08-27 20:00:34,虎虎生财,901,gfg_901101_1724760033944_202869,24.90.59.20,10.000000000000
4073715,40056,2797610,60.0,-60.0,2024-08-27 20:00:51,虎虎生财,901,gfg_901101_1724760051450_202869,24.90.59.20,10.000000000000
4073715,40056,2797610,60.0,-60.0,2024-08-27 20:01:02,虎虎生财,901,gfg_901101_1724760062240_202869,24.90.59.20,10.000000000000
4073715,40056,2797610,60.0,-60.0,2024-08-27 20:01:14,虎虎生财,901,gfg_901101_1724760074282_202869,24.90.59.20,10.000000000000
4073715,40056,2797610,60.0,-60.0,2024-08-27 20:01:36,虎虎生财,901,gfg_901101_1724760095744_202869,24.90.59.20,10.000000000000
4073715,40056,2797610,60.0,-60.0,2024-08-27 20:01:54,虎虎生财,901,gfg_901101_1724760113513_202869,24.90.59.20,10.000000000000
4073715,40056,2797610,60.0,-60.0,2024-08-27 20:02:15,虎虎生财,901,gfg_901101_1724760135201_202869,24.90.59.20,10.000000000000
4073715,40056,2797610,60.0,-60.0,2024-08-27 20:02:18,虎虎生财,901,gfg_901101_1724760138496_202869,24.90.59.20,10.000000000000
4073715,40056,2797610,60.0,-60.0,2024-08-27 20:02:29,虎虎生财,901,gfg_901101_1724760149064_202869,24.90.59.20,10.000000000000
4073715,40056,2797610,60.0,-60.0,2024-08-27 20:03:04,虎虎生财,901,gfg_901101_1724760183840_202869,24.90.59.20,10.000000000000
4073715,40056,2797610,60.0,-60.0,2024-08-27 20:03:29,虎虎生财,901,gfg_901101_1724760209216_202869,24.90.59.20,10.000000000000
4073715,40056,2797610,60.0,-60.0,2024-08-27 20:04:00,虎虎生财,901,gfg_901101_1724760240168_202869,24.90.59.20,10.000000000000
4073715,40056,2797610,100.0,-100.0,2024-08-27 20:04:28,虎虎生财,901,gfg_901101_1724760267988_202869,24.90.59.20,10.000000000000
4073715,40056,2797610,100.0,-100.0,2024-08-27 20:04:32,虎虎生财,901,gfg_901101_1724760271035_202869,24.90.59.20,10.000000000000
4073715,40056,2797610,100.0,-100.0,2024-08-27 20:04:41,虎虎生财,901,gfg_901101_1724760280353_202869,24.90.59.20,10.000000000000
4073715,40056,2797610,100.0,1900.0,2024-08-27 20:04:54,虎虎生财,901,gfg_901101_1724760294009_202869,24.90.59.20,10.000000000000
4073715,40056,2797610,100.0,60.0,2024-08-27 20:05:11,虎虎生财,901,gfg_901101_1724760310580_202869,24.90.59.20,10.000000000000
4073715,40056,2797610,100.0,1900.0,2024-08-27 20:05:28,虎虎生财,901,gfg_901101_1724760327477_202869,24.90.59.20,10.000000000000
4073715,40056,2797610,100.0,-100.0,2024-08-27 20:05:35,虎虎生财,901,gfg_901101_1724760334914_202869,24.90.59.20,10.000000000000
4073715,40056,2797610,100.0,-100.0,2024-08-27 20:05:47,虎虎生财,901,gfg_901101_1724760346850_202869,24.90.59.20,10.000000000000
4073715,40056,2797610,100.0,-100.0,2024-08-27 20:06:17,虎虎生财,901,gfg_901101_1724760377121_202869,24.90.59.20,10.000000000000
4073715,40056,2797610,100.0,-100.0,2024-08-27 20:06:21,虎虎生财,901,gfg_901101_1724760380641_202869,24.90.59.20,10.000000000000
4073715,40056,2797610,100.0,-100.0,2024-08-27 20:06:56,虎虎生财,901,gfg_901101_1724760415165_202869,24.90.59.20,10.000000000000
4073715,40056,2797610,100.0,-100.0,2024-08-27 20:07:34,虎虎生财,901,gfg_901101_1724760453435_202869,24.90.59.20,10.000000000000
4073715,40056,2797610,100.0,-100.0,2024-08-27 20:07:37,虎虎生财,901,gfg_901101_1724760456645_202869,24.90.59.20,10.000000000000
4073715,40056,2797610,100.0,-100.0,2024-08-27 20:07:48,虎虎生财,901,gfg_901101_1724760467412_202869,24.90.59.20,10.000000000000
4073715,40056,2797610,100.0,-100.0,2024-08-27 20:08:02,虎虎生财,901,gfg_901101_1724760481611_202869,24.90.59.20,10.000000000000
4073715,40056,2797610,100.0,-100.0,2024-08-27 20:08:32,虎虎生财,901,gfg_901101_1724760512876_202869,24.90.59.20,10.000000000000
4073715,40056,2797610,100.0,-100.0,2024-08-27 20:08:39,虎虎生财,901,gfg_901101_1724760519085_202869,24.90.59.20,10.000000000000
4073715,40056,2797610,100.0,-100.0,2024-08-27 20:09:29,虎虎生财,901,gfg_901101_1724760569259_202869,24.90.59.20,10.000000000000
4073715,40056,2797610,100.0,-100.0,2024-08-27 20:09:41,虎虎生财,901,gfg_901101_1724760581209_202869,24.90.59.20,10.000000000000
4073715,40056,2797610,100.0,-100.0,2024-08-27 20:11:23,虎虎生财,901,gfg_901101_1724760683899_202869,24.90.59.20,10.000000000000
4073715,40056,2797610,100.0,-100.0,2024-08-27 20:12:03,虎虎生财,901,gfg_901101_1724760723560_202869,24.90.59.20,10.000000000000
4073715,40056,2797610,100.0,-100.0,2024-08-27 20:12:06,虎虎生财,901,gfg_901101_1724760726501_202869,24.90.59.20,10.000000000000
4073715,40056,2797610,100.0,2900.0,2024-08-27 20:12:11,虎虎生财,901,gfg_901101_1724760731686_202869,24.90.59.20,10.000000000000
4073715,40056,2797610,100.0,-100.0,2024-08-27 20:12:24,虎虎生财,901,gfg_901101_1724760744319_202869,24.90.59.20,10.000000000000
4073715,40056,2797610,100.0,-100.0,2024-08-27 20:12:50,虎虎生财,901,gfg_901101_1724760770757_202869,24.90.59.20,10.000000000000
4073715,40056,2797610,100.0,-40.0,2024-08-27 20:13:07,虎虎生财,901,gfg_901101_1724760787635_202869,24.90.59.20,10.000000000000
4073715,40056,2797610,100.0,-100.0,2024-08-27 20:13:26,虎虎生财,901,gfg_901101_1724760806321_202869,24.90.59.20,10.000000000000
4073715,40056,2797610,100.0,-100.0,2024-08-27 20:13:29,虎虎生财,901,gfg_901101_1724760809828_202869,24.90.59.20,10.000000000000
4073715,40056,2797610,100.0,-100.0,2024-08-27 20:13:44,虎虎生财,901,gfg_901101_1724760824637_202869,24.90.59.20,10.000000000000
4073715,40056,2797610,100.0,-100.0,2024-08-27 20:13:47,虎虎生财,901,gfg_901101_1724760827740_202869,24.90.59.20,10.000000000000
4073715,40056,2797610,100.0,-100.0,2024-08-27 20:14:25,虎虎生财,901,gfg_901101_1724760865283_202869,24.90.59.20,10.000000000000
4073715,40056,2797610,20.0,-8.0,2024-08-27 19:45:42,虎虎生财,901,gfg_901101_1724759142374_202869,24.90.59.20,10.000000000000
4073715,40056,2797610,20.0,-8.0,2024-08-27 19:46:29,虎虎生财,901,gfg_901101_1724759189038_202869,24.90.59.20,10.000000000000
4073715,40056,2797610,20.0,-20.0,2024-08-27 19:46:36,虎虎生财,901,gfg_901101_1724759196450_202869,24.90.59.20,10.000000000000
4073715,40056,2797610,20.0,1980.0,2024-08-27 19:46:56,虎虎生财,901,gfg_901101_1724759215973_202869,24.90.59.20,10.000000000000
4073715,40056,2797610,20.0,-20.0,2024-08-27 19:47:37,虎虎生财,901,gfg_901101_1724759256833_202869,24.90.59.20,10.000000000000
4073715,40056,2797610,20.0,-20.0,2024-08-27 19:47:40,虎虎生财,901,gfg_901101_1724759259909_202869,24.90.59.20,10.000000000000
4073715,40056,2797610,30.0,-30.0,2024-08-27 19:48:23,虎虎生财,901,gfg_901101_1724759302869_202869,24.90.59.20,10.000000000000
4073715,40056,2797610,30.0,-30.0,2024-08-27 19:48:30,虎虎生财,901,gfg_901101_1724759310327_202869,24.90.59.20,10.000000000000
4073715,40056,2797610,30.0,-30.0,2024-08-27 19:48:47,虎虎生财,901,gfg_901101_1724759327365_202869,24.90.59.20,10.000000000000
4073715,40056,2797610,30.0,-30.0,2024-08-27 19:48:52,虎虎生财,901,gfg_901101_1724759332185_202869,24.90.59.20,10.000000000000
4073715,40056,2797610,30.0,-30.0,2024-08-27 19:49:15,虎虎生财,901,gfg_901101_1724759354861_202869,24.90.59.20,10.000000000000
4073715,40056,2797610,30.0,-12.0,2024-08-27 19:49:16,虎虎生财,901,gfg_901101_1724759356481_202869,24.90.59.20,10.000000000000
4073715,40056,2797610,30.0,-30.0,2024-08-27 19:49:56,虎虎生财,901,gfg_901101_1724759396293_202869,24.90.59.20,10.000000000000
4073715,40056,2797610,30.0,-30.0,2024-08-27 19:50:14,虎虎生财,901,gfg_901101_1724759414403_202869,24.90.59.20,10.000000000000
4073715,40056,2797610,30.0,-30.0,2024-08-27 19:50:25,虎虎生财,901,gfg_901101_1724759425263_202869,24.90.59.20,10.000000000000
4073715,40056,2797610,30.0,570.0,2024-08-27 19:50:28,虎虎生财,901,gfg_901101_1724759428195_202869,24.90.59.20,10.000000000000
4073715,40056,2797610,30.0,-30.0,2024-08-27 19:50:40,虎虎生财,901,gfg_901101_1724759439961_202869,24.90.59.20,10.000000000000
4073715,40056,2797610,30.0,-30.0,2024-08-27 19:51:11,虎虎生财,901,gfg_901101_1724759471039_202869,24.90.59.20,10.000000000000
4073715,40056,2797610,30.0,-30.0,2024-08-27 19:51:17,虎虎生财,901,gfg_901101_1724759477420_202869,24.90.59.20,10.000000000000
4073715,40056,2797610,30.0,18.0,2024-08-27 19:51:27,虎虎生财,901,gfg_901101_1724759486944_202869,24.90.59.20,10.000000000000
4073715,40056,2797610,30.0,18.0,2024-08-27 19:52:02,虎虎生财,901,gfg_901101_1724759522190_202869,24.90.59.20,10.000000000000
4073715,40056,2797610,30.0,-30.0,2024-08-27 19:52:43,虎虎生财,901,gfg_901101_1724759563747_202869,24.90.59.20,10.000000000000
4073715,40056,2797610,30.0,-30.0,2024-08-27 19:52:59,虎虎生财,901,gfg_901101_1724759579256_202869,24.90.59.20,10.000000000000
4073715,40056,2797610,30.0,-30.0,2024-08-27 19:53:38,虎虎生财,901,gfg_901101_1724759618071_202869,24.90.59.20,10.000000000000
4073715,40056,2797610,30.0,-30.0,2024-08-27 19:53:57,虎虎生财,901,gfg_901101_1724759637361_202869,24.90.59.20,10.000000000000
4073715,40056,2797610,30.0,18.0,2024-08-27 19:54:09,虎虎生财,901,gfg_901101_1724759648635_202869,24.90.59.20,10.000000000000
4073715,40056,2797610,50.0,200.0,2024-08-27 19:55:10,虎虎生财,901,gfg_901101_1724759710072_202869,24.90.59.20,10.000000000000
4073715,40056,2797610,50.0,30.0,2024-08-27 19:55:27,虎虎生财,901,gfg_901101_1724759726460_202869,24.90.59.20,10.000000000000
4073715,40056,2797610,50.0,4950.0,2024-08-27 19:55:33,虎虎生财,901,gfg_901101_1724759732689_202869,24.90.59.20,10.000000000000
4073715,40056,2797610,50.0,-50.0,2024-08-27 19:56:24,虎虎生财,901,gfg_901101_1724759783779_202869,24.90.59.20,10.000000000000
4073715,40056,2797610,50.0,-50.0,2024-08-27 19:56:31,虎虎生财,901,gfg_901101_1724759790943_202869,24.90.59.20,10.000000000000
4073715,40056,2797610,50.0,-50.0,2024-08-27 19:56:37,虎虎生财,901,gfg_901101_1724759797210_202869,24.90.59.20,10.000000000000
4073715,40056,2797610,50.0,-50.0,2024-08-27 19:56:55,虎虎生财,901,gfg_901101_1724759814535_202869,24.90.59.20,10.000000000000
4073715,40056,2797610,50.0,80.0,2024-08-27 19:57:59,虎虎生财,901,gfg_901101_1724759878718_202869,24.90.59.20,10.000000000000
4073715,40056,2797610,50.0,-50.0,2024-08-27 19:58:14,虎虎生财,901,gfg_901101_1724759893737_202869,24.90.59.20,10.000000000000
4073715,40056,2797610,50.0,-50.0,2024-08-27 19:58:22,虎虎生财,901,gfg_901101_1724759902293_202869,24.90.59.20,10.000000000000
4073715,40056,2797610,60.0,36.0,2024-08-27 19:58:57,虎虎生财,901,gfg_901101_1724759936393_202869,24.90.59.20,10.000000000000
4073715,40056,2797610,60.0,-60.0,2024-08-27 19:59:02,虎虎生财,901,gfg_901101_1724759941578_202869,24.90.59.20,10.000000000000
4073715,40056,2797610,60.0,-60.0,2024-08-27 20:00:55,虎虎生财,901,gfg_901101_1724760054608_202869,24.90.59.20,10.000000000000
4073715,40056,2797610,60.0,-60.0,2024-08-27 20:00:56,虎虎生财,901,gfg_901101_1724760056193_202869,24.90.59.20,10.000000000000
4073715,40056,2797610,60.0,-60.0,2024-08-27 20:01:05,虎虎生财,901,gfg_901101_1724760065299_202869,24.90.59.20,10.000000000000
4073715,40056,2797610,60.0,-60.0,2024-08-27 20:01:08,虎虎生财,901,gfg_901101_1724760068339_202869,24.90.59.20,10.000000000000
4073715,40056,2797610,60.0,60.0,2024-08-27 20:01:23,虎虎生财,901,gfg_901101_1724760082845_202869,24.90.59.20,10.000000000000
4073715,40056,2797610,60.0,-60.0,2024-08-27 20:01:40,虎虎生财,901,gfg_901101_1724760100350_202869,24.90.59.20,10.000000000000
4073715,40056,2797610,60.0,60.0,2024-08-27 20:01:44,虎虎生财,901,gfg_901101_1724760103928_202869,24.90.59.20,10.000000000000
4073715,40056,2797610,60.0,-60.0,2024-08-27 20:01:49,虎虎生财,901,gfg_901101_1724760109370_202869,24.90.59.20,10.000000000000
4073715,40056,2797610,60.0,-60.0,2024-08-27 20:01:57,虎虎生财,901,gfg_901101_1724760116581_202869,24.90.59.20,10.000000000000
4073715,40056,2797610,60.0,-60.0,2024-08-27 20:02:40,虎虎生财,901,gfg_901101_1724760160429_202869,24.90.59.20,10.000000000000
4073715,40056,2797610,60.0,-60.0,2024-08-27 20:02:47,虎虎生财,901,gfg_901101_1724760167310_202869,24.90.59.20,10.000000000000
4073715,40056,2797610,60.0,0.0,2024-08-27 20:02:58,虎虎生财,901,gfg_901101_1724760177978_202869,24.90.59.20,10.000000000000
4073715,40056,2797610,60.0,-60.0,2024-08-27 20:04:03,虎虎生财,901,gfg_901101_1724760243085_202869,24.90.59.20,10.000000000000
4073715,40056,2797610,60.0,-60.0,2024-08-27 20:04:06,虎虎生财,901,gfg_901101_1724760246091_202869,24.90.59.20,10.000000000000
4073715,40056,2797610,100.0,-100.0,2024-08-27 20:04:20,虎虎生财,901,gfg_901101_1724760259334_202869,24.90.59.20,10.000000000000
4073715,40056,2797610,100.0,-100.0,2024-08-27 20:05:02,虎虎生财,901,gfg_901101_1724760302015_202869,24.90.59.20,10.000000000000
4073715,40056,2797610,100.0,-100.0,2024-08-27 20:05:06,虎虎生财,901,gfg_901101_1724760305528_202869,24.90.59.20,10.000000000000
4073715,40056,2797610,100.0,-100.0,2024-08-27 20:05:54,虎虎生财,901,gfg_901101_1724760353170_202869,24.90.59.20,10.000000000000
4073715,40056,2797610,100.0,-100.0,2024-08-27 20:06:06,虎虎生财,901,gfg_901101_1724760365516_202869,24.90.59.20,10.000000000000
4073715,40056,2797610,100.0,-100.0,2024-08-27 20:06:10,虎虎生财,901,gfg_901101_1724760369267_202869,24.90.59.20,10.000000000000
4073715,40056,2797610,100.0,-100.0,2024-08-27 20:06:30,虎虎生财,901,gfg_901101_1724760390103_202869,24.90.59.20,10.000000000000
4073715,40056,2797610,100.0,2900.0,2024-08-27 20:06:39,虎虎生财,901,gfg_901101_1724760398579_202869,24.90.59.20,10.000000000000
4073715,40056,2797610,100.0,-100.0,2024-08-27 20:06:59,虎虎生财,901,gfg_901101_1724760418585_202869,24.90.59.20,10.000000000000
4073715,40056,2797610,100.0,-100.0,2024-08-27 20:07:21,虎虎生财,901,gfg_901101_1724760440395_202869,24.90.59.20,10.000000000000
4073715,40056,2797610,100.0,-100.0,2024-08-27 20:07:24,虎虎生财,901,gfg_901101_1724760443805_202869,24.90.59.20,10.000000000000
4073715,40056,2797610,100.0,-100.0,2024-08-27 20:07:26,虎虎生财,901,gfg_901101_1724760446066_202869,24.90.59.20,10.000000000000
4073715,40056,2797610,100.0,-100.0,2024-08-27 20:07:44,虎虎生财,901,gfg_901101_1724760463928_202869,24.90.59.20,10.000000000000
4073715,40056,2797610,100.0,-40.0,2024-08-27 20:07:56,虎虎生财,901,gfg_901101_1724760476040_202869,24.90.59.20,10.000000000000
4073715,40056,2797610,100.0,-40.0,2024-08-27 20:08:14,虎虎生财,901,gfg_901101_1724760494366_202869,24.90.59.20,10.000000000000
4073715,40056,2797610,100.0,-100.0,2024-08-27 20:08:28,虎虎生财,901,gfg_901101_1724760508968_202869,24.90.59.20,10.000000000000
4073715,40056,2797610,100.0,160.0,2024-08-27 20:08:55,虎虎生财,901,gfg_901101_1724760536025_202869,24.90.59.20,10.000000000000
4073715,40056,2797610,100.0,-100.0,2024-08-27 20:09:11,虎虎生财,901,gfg_901101_1724760551267_202869,24.90.59.20,10.000000000000
4073715,40056,2797610,100.0,-100.0,2024-08-27 20:09:18,虎虎生财,901,gfg_901101_1724760558136_202869,24.90.59.20,10.000000000000
4073715,40056,2797610,100.0,-100.0,2024-08-27 20:09:35,虎虎生财,901,gfg_901101_1724760575788_202869,24.90.59.20,10.000000000000
4073715,40056,2797610,100.0,-100.0,2024-08-27 20:10:01,虎虎生财,901,gfg_901101_1724760602041_202869,24.90.59.20,10.000000000000
4073715,40056,2797610,100.0,4900.0,2024-08-27 20:10:39,虎虎生财,901,gfg_901101_1724760639506_202869,24.90.59.20,10.000000000000
4073715,40056,2797610,100.0,-100.0,2024-08-27 20:11:04,虎虎生财,901,gfg_901101_1724760664638_202869,24.90.59.20,10.000000000000
4073715,40056,2797610,100.0,-100.0,2024-08-27 20:11:14,虎虎生财,901,gfg_901101_1724760674750_202869,24.90.59.20,10.000000000000
4073715,40056,2797610,100.0,-100.0,2024-08-27 20:11:17,虎虎生财,901,gfg_901101_1724760678082_202869,24.90.59.20,10.000000000000
4073715,40056,2797610,100.0,-100.0,2024-08-27 20:11:45,虎虎生财,901,gfg_901101_1724760705802_202869,24.90.59.20,10.000000000000
4073715,40056,2797610,100.0,-100.0,2024-08-27 20:11:56,虎虎生财,901,gfg_901101_1724760717078_202869,24.90.59.20,10.000000000000
4073715,40056,2797610,100.0,-100.0,2024-08-27 20:12:07,虎虎生财,901,gfg_901101_1724760727964_202869,24.90.59.20,10.000000000000
4073715,40056,2797610,100.0,-100.0,2024-08-27 20:12:30,虎虎生财,901,gfg_901101_1724760750463_202869,24.90.59.20,10.000000000000
4073715,40056,2797610,100.0,-100.0,2024-08-27 20:12:36,虎虎生财,901,gfg_901101_1724760756626_202869,24.90.59.20,10.000000000000
4073715,40056,2797610,100.0,-100.0,2024-08-27 20:12:39,虎虎生财,901,gfg_901101_1724760759744_202869,24.90.59.20,10.000000000000
4073715,40056,2797610,100.0,-100.0,2024-08-27 20:13:03,虎虎生财,901,gfg_901101_1724760783821_202869,24.90.59.20,10.000000000000
4073715,40056,2797610,100.0,-100.0,2024-08-27 20:13:11,虎虎生财,901,gfg_901101_1724760792022_202869,24.90.59.20,10.000000000000
4073715,40056,2797610,100.0,-100.0,2024-08-27 20:13:37,虎虎生财,901,gfg_901101_1724760818118_202869,24.90.59.20,10.000000000000
4073715,40056,2797610,100.0,-100.0,2024-08-27 20:13:41,虎虎生财,901,gfg_901101_1724760821427_202869,24.90.59.20,10.000000000000
4073715,40056,2797610,100.0,-40.0,2024-08-27 20:13:59,虎虎生财,901,gfg_901101_1724760839823_202869,24.90.59.20,10.000000000000
4073715,40056,2797610,100.0,-100.0,2024-08-27 20:14:04,虎虎生财,901,gfg_901101_1724760844608_202869,24.90.59.20,10.000000000000
4073715,40056,2797610,100.0,-100.0,2024-08-27 20:14:16,虎虎生财,901,gfg_901101_1724760856352_202869,24.90.59.20,10.000000000000
4073715,40056,2797610,100.0,-40.0,2024-08-27 20:14:20,虎虎生财,901,gfg_901101_1724760859746_202869,24.90.59.20,10.000000000000
4073715,40056,2797610,100.0,-100.0,2024-08-27 20:14:28,虎虎生财,901,gfg_901101_1724760868204_202869,24.90.59.20,10.000000000000
4073715,40056,2797610,100.0,-40.0,2024-08-27 20:15:06,虎虎生财,901,gfg_901101_1724760906578_202869,24.90.59.20,10.000000000000
4073715,40056,2797610,20.0,-20.0,2024-08-27 19:45:25,虎虎生财,901,gfg_901101_1724759125406_202869,24.90.59.20,10.000000000000
4073715,40056,2797610,20.0,-8.0,2024-08-27 19:45:59,虎虎生财,901,gfg_901101_1724759159786_202869,24.90.59.20,10.000000000000
4073715,40056,2797610,20.0,-20.0,2024-08-27 19:46:09,虎虎生财,901,gfg_901101_1724759169540_202869,24.90.59.20,10.000000000000
4073715,40056,2797610,20.0,-20.0,2024-08-27 19:46:39,虎虎生财,901,gfg_901101_1724759199542_202869,24.90.59.20,10.000000000000
4073715,40056,2797610,20.0,-20.0,2024-08-27 19:46:41,虎虎生财,901,gfg_901101_1724759201224_202869,24.90.59.20,10.000000000000
4073715,40056,2797610,20.0,-20.0,2024-08-27 19:46:43,虎虎生财,901,gfg_901101_1724759203280_202869,24.90.59.20,10.000000000000
4073715,40056,2797610,20.0,-20.0,2024-08-27 19:46:49,虎虎生财,901,gfg_901101_1724759209441_202869,24.90.59.20,10.000000000000
4073715,40056,2797610,20.0,-20.0,2024-08-27 19:47:24,虎虎生财,901,gfg_901101_1724759244609_202869,24.90.59.20,10.000000000000
4073715,40056,2797610,30.0,120.0,2024-08-27 19:47:57,虎虎生财,901,gfg_901101_1724759277274_202869,24.90.59.20,10.000000000000
4073715,40056,2797610,30.0,-30.0,2024-08-27 19:48:35,虎虎生财,901,gfg_901101_1724759315421_202869,24.90.59.20,10.000000000000
4073715,40056,2797610,30.0,-30.0,2024-08-27 19:48:55,虎虎生财,901,gfg_901101_1724759335167_202869,24.90.59.20,10.000000000000
4073715,40056,2797610,30.0,-30.0,2024-08-27 19:48:58,虎虎生财,901,gfg_901101_1724759338105_202869,24.90.59.20,10.000000000000
4073715,40056,2797610,30.0,-30.0,2024-08-27 19:49:01,虎虎生财,901,gfg_901101_1724759340998_202869,24.90.59.20,10.000000000000
4073715,40056,2797610,30.0,-30.0,2024-08-27 19:49:13,虎虎生财,901,gfg_901101_1724759353369_202869,24.90.59.20,10.000000000000
4073715,40056,2797610,30.0,-30.0,2024-08-27 19:49:47,虎虎生财,901,gfg_901101_1724759386821_202869,24.90.59.20,10.000000000000
4073715,40056,2797610,30.0,-30.0,2024-08-27 19:50:00,虎虎生财,901,gfg_901101_1724759400719_202869,24.90.59.20,10.000000000000
4073715,40056,2797610,30.0,-30.0,2024-08-27 19:50:11,虎虎生财,901,gfg_901101_1724759410973_202869,24.90.59.20,10.000000000000
4073715,40056,2797610,30.0,-30.0,2024-08-27 19:50:37,虎虎生财,901,gfg_901101_1724759437049_202869,24.90.59.20,10.000000000000
4073715,40056,2797610,30.0,-30.0,2024-08-27 19:51:07,虎虎生财,901,gfg_901101_1724759467634_202869,24.90.59.20,10.000000000000
4073715,40056,2797610,30.0,-30.0,2024-08-27 19:51:24,虎虎生财,901,gfg_901101_1724759483849_202869,24.90.59.20,10.000000000000
4073715,40056,2797610,30.0,-30.0,2024-08-27 19:51:40,虎虎生财,901,gfg_901101_1724759500624_202869,24.90.59.20,10.000000000000
4073715,40056,2797610,30.0,-30.0,2024-08-27 19:51:59,虎虎生财,901,gfg_901101_1724759519095_202869,24.90.59.20,10.000000000000
4073715,40056,2797610,30.0,30.0,2024-08-27 19:52:16,虎虎生财,901,gfg_901101_1724759536349_202869,24.90.59.20,10.000000000000
4073715,40056,2797610,30.0,-30.0,2024-08-27 19:52:21,虎虎生财,901,gfg_901101_1724759541677_202869,24.90.59.20,10.000000000000
4073715,40056,2797610,30.0,-30.0,2024-08-27 19:52:36,虎虎生财,901,gfg_901101_1724759556689_202869,24.90.59.20,10.000000000000
4073715,40056,2797610,30.0,-30.0,2024-08-27 19:52:46,虎虎生财,901,gfg_901101_1724759566664_202869,24.90.59.20,10.000000000000
4073715,40056,2797610,30.0,-30.0,2024-08-27 19:52:53,虎虎生财,901,gfg_901101_1724759573515_202869,24.90.59.20,10.000000000000
4073715,40056,2797610,30.0,-30.0,2024-08-27 19:53:01,虎虎生财,901,gfg_901101_1724759581285_202869,24.90.59.20,10.000000000000
4073715,40056,2797610,30.0,-12.0,2024-08-27 19:53:03,虎虎生财,901,gfg_901101_1724759583563_202869,24.90.59.20,10.000000000000
4073715,40056,2797610,30.0,-12.0,2024-08-27 19:53:10,虎虎生财,901,gfg_901101_1724759590641_202869,24.90.59.20,10.000000000000
4073715,40056,2797610,30.0,-30.0,2024-08-27 19:53:16,虎虎生财,901,gfg_901101_1724759595924_202869,24.90.59.20,10.000000000000
4073715,40056,2797610,30.0,-30.0,2024-08-27 19:53:20,虎虎生财,901,gfg_901101_1724759599820_202869,24.90.59.20,10.000000000000
4073715,40056,2797610,30.0,-30.0,2024-08-27 19:53:26,虎虎生财,901,gfg_901101_1724759605871_202869,24.90.59.20,10.000000000000
4073715,40056,2797610,30.0,-30.0,2024-08-27 19:53:29,虎虎生财,901,gfg_901101_1724759609728_202869,24.90.59.20,10.000000000000
4073715,40056,2797610,30.0,-30.0,2024-08-27 19:54:05,虎虎生财,901,gfg_901101_1724759645172_202869,24.90.59.20,10.000000000000
4073715,40056,2797610,30.0,-30.0,2024-08-27 19:54:17,虎虎生财,901,gfg_901101_1724759656412_202869,24.90.59.20,10.000000000000
4073715,40056,2797610,30.0,-30.0,2024-08-27 19:54:25,虎虎生财,901,gfg_901101_1724759664808_202869,24.90.59.20,10.000000000000
4073715,40056,2797610,30.0,-30.0,2024-08-27 19:54:42,虎虎生财,901,gfg_901101_1724759682311_202869,24.90.59.20,10.000000000000
4073715,40056,2797610,30.0,-30.0,2024-08-27 19:54:53,虎虎生财,901,gfg_901101_1724759692485_202869,24.90.59.20,10.000000000000
4073715,40056,2797610,50.0,-50.0,2024-08-27 19:57:07,虎虎生财,901,gfg_901101_1724759826432_202869,24.90.59.20,10.000000000000
4073715,40056,2797610,50.0,-50.0,2024-08-27 19:58:08,虎虎生财,901,gfg_901101_1724759887470_202869,24.90.59.20,10.000000000000
4073715,40056,2797610,50.0,-50.0,2024-08-27 19:58:11,虎虎生财,901,gfg_901101_1724759890410_202869,24.90.59.20,10.000000000000
4073715,40056,2797610,50.0,-50.0,2024-08-27 19:58:26,虎虎生财,901,gfg_901101_1724759905420_202869,24.90.59.20,10.000000000000
4073715,40056,2797610,60.0,-60.0,2024-08-27 19:59:14,虎虎生财,901,gfg_901101_1724759954207_202869,24.90.59.20,10.000000000000
4073715,40056,2797610,60.0,-60.0,2024-08-27 19:59:29,虎虎生财,901,gfg_901101_1724759968545_202869,24.90.59.20,10.000000000000
4073715,40056,2797610,60.0,-24.0,2024-08-27 20:00:05,虎虎生财,901,gfg_901101_1724760004872_202869,24.90.59.20,10.000000000000
4073715,40056,2797610,60.0,-60.0,2024-08-27 20:00:30,虎虎生财,901,gfg_901101_1724760030276_202869,24.90.59.20,10.000000000000
4073715,40056,2797610,60.0,-60.0,2024-08-27 20:00:48,虎虎生财,901,gfg_901101_1724760047964_202869,24.90.59.20,10.000000000000
4073715,40056,2797610,60.0,-60.0,2024-08-27 20:01:21,虎虎生财,901,gfg_901101_1724760080538_202869,24.90.59.20,10.000000000000
4073715,40056,2797610,60.0,-60.0,2024-08-27 20:01:39,虎虎生财,901,gfg_901101_1724760098758_202869,24.90.59.20,10.000000000000
4073715,40056,2797610,60.0,-60.0,2024-08-27 20:01:42,虎虎生财,901,gfg_901101_1724760102216_202869,24.90.59.20,10.000000000000
4073715,40056,2797610,60.0,-60.0,2024-08-27 20:02:08,虎虎生财,901,gfg_901101_1724760127859_202869,24.90.59.20,10.000000000000
4073715,40056,2797610,60.0,-60.0,2024-08-27 20:02:11,虎虎生财,901,gfg_901101_1724760131361_202869,24.90.59.20,10.000000000000
4073715,40056,2797610,60.0,-60.0,2024-08-27 20:02:33,虎虎生财,901,gfg_901101_1724760153096_202869,24.90.59.20,10.000000000000
4073715,40056,2797610,60.0,-60.0,2024-08-27 20:03:19,虎虎生财,901,gfg_901101_1724760199160_202869,24.90.59.20,10.000000000000
4073715,40056,2797610,60.0,-60.0,2024-08-27 20:03:57,虎虎生财,901,gfg_901101_1724760237098_202869,24.90.59.20,10.000000000000
4073715,40056,2797610,100.0,0.0,2024-08-27 20:04:23,虎虎生财,901,gfg_901101_1724760262619_202869,24.90.59.20,10.000000000000
4073715,40056,2797610,100.0,-100.0,2024-08-27 20:04:38,虎虎生财,901,gfg_901101_1724760277258_202869,24.90.59.20,10.000000000000
4073715,40056,2797610,100.0,-100.0,2024-08-27 20:04:42,虎虎生财,901,gfg_901101_1724760281883_202869,24.90.59.20,10.000000000000
4073715,40056,2797610,100.0,-100.0,2024-08-27 20:05:51,虎虎生财,901,gfg_901101_1724760350080_202869,24.90.59.20,10.000000000000
4073715,40056,2797610,100.0,-40.0,2024-08-27 20:06:01,虎虎生财,901,gfg_901101_1724760360073_202869,24.90.59.20,10.000000000000
4073715,40056,2797610,100.0,-100.0,2024-08-27 20:06:28,虎虎生财,901,gfg_901101_1724760387182_202869,24.90.59.20,10.000000000000
4073715,40056,2797610,100.0,-100.0,2024-08-27 20:06:33,虎虎生财,901,gfg_901101_1724760393006_202869,24.90.59.20,10.000000000000
4073715,40056,2797610,100.0,-40.0,2024-08-27 20:07:03,虎虎生财,901,gfg_901101_1724760422596_202869,24.90.59.20,10.000000000000
4073715,40056,2797610,100.0,1900.0,2024-08-27 20:07:09,虎虎生财,901,gfg_901101_1724760428296_202869,24.90.59.20,10.000000000000
4073715,40056,2797610,100.0,-100.0,2024-08-27 20:08:11,虎虎生财,901,gfg_901101_1724760491244_202869,24.90.59.20,10.000000000000
4073715,40056,2797610,100.0,-100.0,2024-08-27 20:08:42,虎虎生财,901,gfg_901101_1724760522808_202869,24.90.59.20,10.000000000000
4073715,40056,2797610,100.0,-100.0,2024-08-27 20:09:08,虎虎生财,901,gfg_901101_1724760548072_202869,24.90.59.20,10.000000000000
4073715,40056,2797610,100.0,0.0,2024-08-27 20:09:21,虎虎生财,901,gfg_901101_1724760561237_202869,24.90.59.20,10.000000000000
4073715,40056,2797610,100.0,-100.0,2024-08-27 20:09:32,虎虎生财,901,gfg_901101_1724760572695_202869,24.90.59.20,10.000000000000
4073715,40056,2797610,100.0,-100.0,2024-08-27 20:09:44,虎虎生财,901,gfg_901101_1724760584316_202869,24.90.59.20,10.000000000000
4073715,40056,2797610,100.0,-100.0,2024-08-27 20:09:55,虎虎生财,901,gfg_901101_1724760595925_202869,24.90.59.20,10.000000000000
4073715,40056,2797610,100.0,-100.0,2024-08-27 20:09:58,虎虎生财,901,gfg_901101_1724760598721_202869,24.90.59.20,10.000000000000
4073715,40056,2797610,100.0,-100.0,2024-08-27 20:10:09,虎虎生财,901,gfg_901101_1724760609677_202869,24.90.59.20,10.000000000000
4073715,40056,2797610,100.0,-100.0,2024-08-27 20:10:27,虎虎生财,901,gfg_901101_1724760627607_202869,24.90.59.20,10.000000000000
4073715,40056,2797610,100.0,-100.0,2024-08-27 20:10:58,虎虎生财,901,gfg_901101_1724760658155_202869,24.90.59.20,10.000000000000
4073715,40056,2797610,100.0,-100.0,2024-08-27 20:11:01,虎虎生财,901,gfg_901101_1724760661399_202869,24.90.59.20,10.000000000000
4073715,40056,2797610,100.0,-100.0,2024-08-27 20:11:32,虎虎生财,901,gfg_901101_1724760692410_202869,24.90.59.20,10.000000000000
4073715,40056,2797610,100.0,-40.0,2024-08-27 20:11:51,虎虎生财,901,gfg_901101_1724760711624_202869,24.90.59.20,10.000000000000
4073715,40056,2797610,100.0,-100.0,2024-08-27 20:12:00,虎虎生财,901,gfg_901101_1724760720987_202869,24.90.59.20,10.000000000000
4073715,40056,2797610,100.0,-100.0,2024-08-27 20:12:46,虎虎生财,901,gfg_901101_1724760766929_202869,24.90.59.20,10.000000000000
4073715,40056,2797610,100.0,-40.0,2024-08-27 20:13:17,虎虎生财,901,gfg_901101_1724760797896_202869,24.90.59.20,10.000000000000
4073715,40056,2797610,100.0,-100.0,2024-08-27 20:13:55,虎虎生财,901,gfg_901101_1724760835314_202869,24.90.59.20,10.000000000000
4073715,40056,2797610,100.0,60.0,2024-08-27 20:14:11,虎虎生财,901,gfg_901101_1724760850756_202869,24.90.59.20,10.000000000000
4073715,40056,2797610,20.0,-20.0,2024-08-27 19:45:30,虎虎生财,901,gfg_901101_1724759130817_202869,24.90.59.20,10.000000000000
4073715,40056,2797610,20.0,-20.0,2024-08-27 19:46:06,虎虎生财,901,gfg_901101_1724759166622_202869,24.90.59.20,10.000000000000
4073715,40056,2797610,20.0,-20.0,2024-08-27 19:46:08,虎虎生财,901,gfg_901101_1724759168131_202869,24.90.59.20,10.000000000000
4073715,40056,2797610,20.0,-20.0,2024-08-27 19:47:31,虎虎生财,901,gfg_901101_1724759250766_202869,24.90.59.20,10.000000000000
4073715,40056,2797610,30.0,-30.0,2024-08-27 19:48:20,虎虎生财,901,gfg_901101_1724759299982_202869,24.90.59.20,10.000000000000
4073715,40056,2797610,30.0,-30.0,2024-08-27 19:48:39,虎虎生财,901,gfg_901101_1724759319750_202869,24.90.59.20,10.000000000000
4073715,40056,2797610,30.0,-30.0,2024-08-27 19:48:41,虎虎生财,901,gfg_901101_1724759321349_202869,24.90.59.20,10.000000000000
4073715,40056,2797610,30.0,-30.0,2024-08-27 19:48:43,虎虎生财,901,gfg_901101_1724759322817_202869,24.90.59.20,10.000000000000
4073715,40056,2797610,30.0,-30.0,2024-08-27 19:48:44,虎虎生财,901,gfg_901101_1724759324395_202869,24.90.59.20,10.000000000000
4073715,40056,2797610,30.0,-30.0,2024-08-27 19:49:04,虎虎生财,901,gfg_901101_1724759344658_202869,24.90.59.20,10.000000000000
4073715,40056,2797610,30.0,-30.0,2024-08-27 19:49:07,虎虎生财,901,gfg_901101_1724759347634_202869,24.90.59.20,10.000000000000
4073715,40056,2797610,30.0,-12.0,2024-08-27 19:50:17,虎虎生财,901,gfg_901101_1724759417284_202869,24.90.59.20,10.000000000000
4073715,40056,2797610,30.0,-30.0,2024-08-27 19:50:22,虎虎生财,901,gfg_901101_1724759422007_202869,24.90.59.20,10.000000000000
4073715,40056,2797610,30.0,570.0,2024-08-27 19:50:46,虎虎生财,901,gfg_901101_1724759446526_202869,24.90.59.20,10.000000000000
4073715,40056,2797610,30.0,-12.0,2024-08-27 19:50:59,虎虎生财,901,gfg_901101_1724759459091_202869,24.90.59.20,10.000000000000
4073715,40056,2797610,30.0,-30.0,2024-08-27 19:51:04,虎虎生财,901,gfg_901101_1724759464592_202869,24.90.59.20,10.000000000000
4073715,40056,2797610,30.0,-30.0,2024-08-27 19:51:14,虎虎生财,901,gfg_901101_1724759474612_202869,24.90.59.20,10.000000000000
4073715,40056,2797610,30.0,-12.0,2024-08-27 19:51:44,虎虎生财,901,gfg_901101_1724759504085_202869,24.90.59.20,10.000000000000
4073715,40056,2797610,30.0,-30.0,2024-08-27 19:52:31,虎虎生财,901,gfg_901101_1724759550846_202869,24.90.59.20,10.000000000000
4073715,40056,2797610,30.0,-30.0,2024-08-27 19:52:56,虎虎生财,901,gfg_901101_1724759576628_202869,24.90.59.20,10.000000000000
4073715,40056,2797610,30.0,-30.0,2024-08-27 19:53:44,虎虎生财,901,gfg_901101_1724759624604_202869,24.90.59.20,10.000000000000
4073715,40056,2797610,30.0,-30.0,2024-08-27 19:53:48,虎虎生财,901,gfg_901101_1724759628036_202869,24.90.59.20,10.000000000000
4073715,40056,2797610,30.0,-30.0,2024-08-27 19:54:02,虎虎生财,901,gfg_901101_1724759642098_202869,24.90.59.20,10.000000000000
4073715,40056,2797610,30.0,-30.0,2024-08-27 19:54:39,虎虎生财,901,gfg_901101_1724759679225_202869,24.90.59.20,10.000000000000
4073715,40056,2797610,30.0,-30.0,2024-08-27 19:54:46,虎虎生财,901,gfg_901101_1724759685596_202869,24.90.59.20,10.000000000000
4073715,40056,2797610,50.0,-50.0,2024-08-27 19:55:18,虎虎生财,901,gfg_901101_1724759717492_202869,24.90.59.20,10.000000000000
4073715,40056,2797610,50.0,1450.0,2024-08-27 19:55:56,虎虎生财,901,gfg_901101_1724759756131_202869,24.90.59.20,10.000000000000
4073715,40056,2797610,50.0,-50.0,2024-08-27 19:56:16,虎虎生财,901,gfg_901101_1724759775348_202869,24.90.59.20,10.000000000000
4073715,40056,2797610,50.0,-50.0,2024-08-27 19:56:48,虎虎生财,901,gfg_901101_1724759808001_202869,24.90.59.20,10.000000000000
4073715,40056,2797610,50.0,-50.0,2024-08-27 19:57:13,虎虎生财,901,gfg_901101_1724759832867_202869,24.90.59.20,10.000000000000
4073715,40056,2797610,50.0,-50.0,2024-08-27 19:57:16,虎虎生财,901,gfg_901101_1724759835951_202869,24.90.59.20,10.000000000000
4073715,40056,2797610,50.0,-20.0,2024-08-27 19:57:54,虎虎生财,901,gfg_901101_1724759874105_202869,24.90.59.20,10.000000000000
4073715,40056,2797610,50.0,-50.0,2024-08-27 19:58:50,虎虎生财,901,gfg_901101_1724759929518_202869,24.90.59.20,10.000000000000
4073715,40056,2797610,60.0,-60.0,2024-08-27 19:59:05,虎虎生财,901,gfg_901101_1724759944866_202869,24.90.59.20,10.000000000000
4073715,40056,2797610,60.0,-60.0,2024-08-27 19:59:11,虎虎生财,901,gfg_901101_1724759950856_202869,24.90.59.20,10.000000000000
4073715,40056,2797610,60.0,-24.0,2024-08-27 19:59:44,虎虎生财,901,gfg_901101_1724759983362_202869,24.90.59.20,10.000000000000
4073715,40056,2797610,60.0,-60.0,2024-08-27 19:59:48,虎虎生财,901,gfg_901101_1724759988071_202869,24.90.59.20,10.000000000000
4073715,40056,2797610,60.0,-60.0,2024-08-27 20:00:01,虎虎生财,901,gfg_901101_1724760001567_202869,24.90.59.20,10.000000000000
4073715,40056,2797610,60.0,-60.0,2024-08-27 20:00:10,虎虎生财,901,gfg_901101_1724760010466_202869,24.90.59.20,10.000000000000
4073715,40056,2797610,60.0,1740.0,2024-08-27 20:00:14,虎虎生财,901,gfg_901101_1724760014316_202869,24.90.59.20,10.000000000000
4073715,40056,2797610,60.0,-24.0,2024-08-27 20:01:11,虎虎生财,901,gfg_901101_1724760071379_202869,24.90.59.20,10.000000000000
4073715,40056,2797610,60.0,-60.0,2024-08-27 20:02:00,虎虎生财,901,gfg_901101_1724760120353_202869,24.90.59.20,10.000000000000
4073715,40056,2797610,60.0,240.0,2024-08-27 20:02:24,虎虎生财,901,gfg_901101_1724760144461_202869,24.90.59.20,10.000000000000
4073715,40056,2797610,60.0,-60.0,2024-08-27 20:02:44,虎虎生财,901,gfg_901101_1724760164169_202869,24.90.59.20,10.000000000000
4073715,40056,2797610,60.0,-60.0,2024-08-27 20:03:11,虎虎生财,901,gfg_901101_1724760190981_202869,24.90.59.20,10.000000000000
4073715,40056,2797610,60.0,-60.0,2024-08-27 20:03:16,虎虎生财,901,gfg_901101_1724760195719_202869,24.90.59.20,10.000000000000
4073715,40056,2797610,60.0,-60.0,2024-08-27 20:03:25,虎虎生财,901,gfg_901101_1724760205500_202869,24.90.59.20,10.000000000000
4073715,40056,2797610,60.0,324.0,2024-08-27 20:03:33,虎虎生财,901,gfg_901101_1724760212630_202869,24.90.59.20,10.000000000000
4073715,40056,2797610,100.0,-100.0,2024-08-27 20:04:52,虎虎生财,901,gfg_901101_1724760291062_202869,24.90.59.20,10.000000000000
4073715,40056,2797610,100.0,-100.0,2024-08-27 20:05:17,虎虎生财,901,gfg_901101_1724760316136_202869,24.90.59.20,10.000000000000
4073715,40056,2797610,100.0,-100.0,2024-08-27 20:05:38,虎虎生财,901,gfg_901101_1724760337249_202869,24.90.59.20,10.000000000000
4073715,40056,2797610,100.0,100.0,2024-08-27 20:05:42,虎虎生财,901,gfg_901101_1724760341676_202869,24.90.59.20,10.000000000000
4073715,40056,2797610,100.0,-40.0,2024-08-27 20:06:36,虎虎生财,901,gfg_901101_1724760395131_202869,24.90.59.20,10.000000000000
4073715,40056,2797610,100.0,0.0,2024-08-27 20:07:15,虎虎生财,901,gfg_901101_1724760434864_202869,24.90.59.20,10.000000000000
4073715,40056,2797610,100.0,-100.0,2024-08-27 20:07:31,虎虎生财,901,gfg_901101_1724760450252_202869,24.90.59.20,10.000000000000
4073715,40056,2797610,100.0,-100.0,2024-08-27 20:07:41,虎虎生财,901,gfg_901101_1724760460150_202869,24.90.59.20,10.000000000000
4073715,40056,2797610,100.0,-100.0,2024-08-27 20:08:04,虎虎生财,901,gfg_901101_1724760484452_202869,24.90.59.20,10.000000000000
4073715,40056,2797610,100.0,-100.0,2024-08-27 20:08:06,虎虎生财,901,gfg_901101_1724760486484_202869,24.90.59.20,10.000000000000
4073715,40056,2797610,100.0,-100.0,2024-08-27 20:08:08,虎虎生财,901,gfg_901101_1724760488172_202869,24.90.59.20,10.000000000000
4073715,40056,2797610,100.0,-100.0,2024-08-27 20:09:25,虎虎生财,901,gfg_901101_1724760565695_202869,24.90.59.20,10.000000000000
4073715,40056,2797610,100.0,-100.0,2024-08-27 20:09:47,虎虎生财,901,gfg_901101_1724760587737_202869,24.90.59.20,10.000000000000
4073715,40056,2797610,100.0,-100.0,2024-08-27 20:10:22,虎虎生财,901,gfg_901101_1724760622669_202869,24.90.59.20,10.000000000000
4073715,40056,2797610,100.0,100.0,2024-08-27 20:10:30,虎虎生财,901,gfg_901101_1724760630836_202869,24.90.59.20,10.000000000000
4073715,40056,2797610,100.0,-100.0,2024-08-27 20:10:35,虎虎生财,901,gfg_901101_1724760636014_202869,24.90.59.20,10.000000000000
4073715,40056,2797610,100.0,-100.0,2024-08-27 20:11:08,虎虎生财,901,gfg_901101_1724760668208_202869,24.90.59.20,10.000000000000
4073715,40056,2797610,100.0,60.0,2024-08-27 20:11:27,虎虎生财,901,gfg_901101_1724760687148_202869,24.90.59.20,10.000000000000
4073715,40056,2797610,100.0,-100.0,2024-08-27 20:11:35,虎虎生财,901,gfg_901101_1724760695525_202869,24.90.59.20,10.000000000000
4073715,40056,2797610,100.0,-100.0,2024-08-27 20:11:48,虎虎生财,901,gfg_901101_1724760708677_202869,24.90.59.20,10.000000000000
4073715,40056,2797610,100.0,-100.0,2024-08-27 20:12:20,虎虎生财,901,gfg_901101_1724760740488_202869,24.90.59.20,10.000000000000
4073715,40056,2797610,100.0,-100.0,2024-08-27 20:12:33,虎虎生财,901,gfg_901101_1724760753497_202869,24.90.59.20,10.000000000000
4073715,40056,2797610,100.0,-100.0,2024-08-27 20:12:53,虎虎生财,901,gfg_901101_1724760773882_202869,24.90.59.20,10.000000000000
4073715,40056,2797610,100.0,-100.0,2024-08-27 20:13:58,虎虎生财,901,gfg_901101_1724760838648_202869,24.90.59.20,10.000000000000
